belongs_to_vendor_id,vendor_id,vendor_name,amount,a_date,b_date,days_diff,a_id,b_id,a_tx,b_tx
1,169,"Clark Haus",21.42,2023-08-10,2023-08-10,0,19099,19198,1,0
1,97,"Illinois Tollway",40.00,2020-09-30,2020-10-01,1,9623,9624,1,0
1,97,"Illinois Tollway",40.00,2020-09-18,2020-09-19,1,9512,9519,1,0
1,97,"Illinois Tollway",40.00,2020-09-05,2020-09-05,0,9387,9391,0,1
1,97,"Illinois Tollway",40.00,2020-09-05,2020-09-06,1,9387,9392,0,0
1,97,"Illinois Tollway",40.00,2020-09-05,2020-09-06,1,9391,9392,1,0
1,97,"Illinois Tollway",40.00,2020-09-04,2020-09-05,1,9379,9387,1,0
1,97,"Illinois Tollway",40.00,2020-09-04,2020-09-06,2,9379,9392,1,0
1,97,"Illinois Tollway",40.00,2020-09-03,2020-09-04,1,9326,9379,0,1
1,97,"Illinois Tollway",40.00,2020-09-03,2020-09-02,-1,9326,9380,0,1
1,97,"Illinois Tollway",40.00,2020-09-03,2020-09-05,2,9326,9387,0,0
1,97,"Illinois Tollway",40.00,2020-09-03,2020-09-05,2,9326,9391,0,1
1,97,"Illinois Tollway",40.00,2020-09-03,2020-09-06,3,9326,9392,0,0
1,97,"Illinois Tollway",40.00,2020-09-02,2020-09-05,3,9380,9387,1,0
1,97,"Illinois Tollway",40.00,2020-09-02,2020-09-06,4,9380,9392,1,0
1,97,"Illinois Tollway",40.00,2020-08-29,2020-09-03,5,9310,9326,0,0
1,97,"Illinois Tollway",40.00,2020-08-29,2020-09-02,4,9310,9380,0,1
1,97,"Illinois Tollway",40.00,2020-08-29,2020-08-28,-1,9310,9381,0,1
1,97,"Illinois Tollway",40.00,2020-08-29,2020-08-27,-2,9310,9382,0,1
1,97,"Illinois Tollway",40.00,2020-08-29,2020-08-24,-5,9310,9383,0,1
1,97,"Illinois Tollway",40.00,2020-08-28,2020-08-29,1,9302,9310,0,0
1,97,"Illinois Tollway",40.00,2020-08-28,2020-09-02,5,9302,9380,0,1
1,97,"Illinois Tollway",40.00,2020-08-28,2020-08-28,0,9302,9381,0,1
1,97,"Illinois Tollway",40.00,2020-08-28,2020-08-27,-1,9302,9382,0,1
1,97,"Illinois Tollway",40.00,2020-08-28,2020-08-24,-4,9302,9383,0,1
1,97,"Illinois Tollway",40.00,2020-08-28,2020-08-23,-5,9302,9384,0,1
1,97,"Illinois Tollway",40.00,2020-08-26,2020-08-28,2,9258,9302,0,0
1,97,"Illinois Tollway",40.00,2020-08-26,2020-08-29,3,9258,9310,0,0
1,97,"Illinois Tollway",40.00,2020-08-26,2020-08-28,2,9258,9381,0,1
1,97,"Illinois Tollway",40.00,2020-08-26,2020-08-27,1,9258,9382,0,1
1,97,"Illinois Tollway",40.00,2020-08-26,2020-08-24,-2,9258,9383,0,1
1,97,"Illinois Tollway",40.00,2020-08-26,2020-08-23,-3,9258,9384,0,1
1,97,"Illinois Tollway",40.00,2020-08-24,2020-08-23,-1,9234,9235,0,1
1,97,"Illinois Tollway",40.00,2020-08-24,2020-08-26,2,9234,9258,0,0
1,97,"Illinois Tollway",40.00,2020-08-24,2020-08-28,4,9234,9302,0,0
1,97,"Illinois Tollway",40.00,2020-08-24,2020-08-29,5,9234,9310,0,0
1,97,"Illinois Tollway",40.00,2020-08-24,2020-08-28,4,9234,9381,0,1
1,97,"Illinois Tollway",40.00,2020-08-24,2020-08-27,3,9234,9382,0,1
1,97,"Illinois Tollway",40.00,2020-08-24,2020-08-24,0,9234,9383,0,1
1,97,"Illinois Tollway",40.00,2020-08-24,2020-08-23,-1,9234,9384,0,1
1,97,"Illinois Tollway",40.00,2020-08-24,2020-08-20,-4,9234,9385,0,1
1,97,"Illinois Tollway",40.00,2020-08-24,2020-08-20,-4,9234,9402,0,1
1,97,"Illinois Tollway",40.00,2020-08-23,2020-08-26,3,9235,9258,1,0
1,97,"Illinois Tollway",40.00,2020-08-23,2020-08-28,5,9235,9302,1,0
1,97,"Illinois Tollway",40.00,2020-08-21,2020-08-24,3,9225,9234,0,0
1,97,"Illinois Tollway",40.00,2020-08-21,2020-08-23,2,9225,9235,0,1
1,97,"Illinois Tollway",40.00,2020-08-21,2020-08-26,5,9225,9258,0,0
1,97,"Illinois Tollway",40.00,2020-08-21,2020-08-24,3,9225,9383,0,1
1,97,"Illinois Tollway",40.00,2020-08-21,2020-08-23,2,9225,9384,0,1
1,97,"Illinois Tollway",40.00,2020-08-21,2020-08-20,-1,9225,9385,0,1
1,97,"Illinois Tollway",40.00,2020-08-21,2020-08-20,-1,9225,9402,0,1
1,97,"Illinois Tollway",40.00,2020-08-15,2020-08-20,5,9142,9385,0,1
1,97,"Illinois Tollway",40.00,2020-08-15,2020-08-20,5,9142,9402,0,1
1,97,"Illinois Tollway",40.00,2020-08-12,2020-08-15,3,9111,9142,0,0
1,97,"Illinois Tollway",40.00,2020-08-11,2020-08-12,1,9105,9111,1,0
1,97,"Illinois Tollway",40.00,2020-08-11,2020-08-15,4,9105,9142,1,0
1,97,"Illinois Tollway",40.00,2020-08-08,2020-08-11,3,9084,9105,0,1
1,97,"Illinois Tollway",40.00,2020-08-08,2020-08-12,4,9084,9111,0,0
1,97,"Illinois Tollway",40.00,2020-08-01,2020-07-31,-1,8998,9060,0,1
1,97,"Illinois Tollway",40.00,2020-08-01,2020-07-31,-1,8998,9386,0,1
1,97,"Illinois Tollway",40.00,2020-07-30,2020-08-01,2,8992,8998,0,0
1,97,"Illinois Tollway",40.00,2020-07-30,2020-07-31,1,8992,9060,0,1
1,97,"Illinois Tollway",40.00,2020-07-30,2020-07-31,1,8992,9386,0,1
1,97,"Illinois Tollway",40.00,2020-07-27,2020-07-30,3,8987,8992,0,0
1,97,"Illinois Tollway",40.00,2020-07-27,2020-08-01,5,8987,8998,0,0
1,97,"Illinois Tollway",40.00,2020-07-27,2020-07-31,4,8987,9060,0,1
1,97,"Illinois Tollway",40.00,2020-07-27,2020-07-31,4,8987,9386,0,1
1,97,"Illinois Tollway",40.00,2020-07-26,2020-07-27,1,8986,8987,0,0
1,97,"Illinois Tollway",40.00,2020-07-26,2020-07-30,4,8986,8992,0,0
1,97,"Illinois Tollway",40.00,2020-07-26,2020-07-21,-5,8986,9001,0,1
1,97,"Illinois Tollway",40.00,2020-07-26,2020-07-31,5,8986,9060,0,1
1,97,"Illinois Tollway",40.00,2020-07-26,2020-07-31,5,8986,9386,0,1
1,97,"Illinois Tollway",40.00,2020-07-24,2020-07-26,2,8985,8986,0,0
1,97,"Illinois Tollway",40.00,2020-07-24,2020-07-27,3,8985,8987,0,0
1,97,"Illinois Tollway",40.00,2020-07-24,2020-07-21,-3,8985,9001,0,1
1,97,"Illinois Tollway",40.00,2020-07-21,2020-07-24,3,8984,8985,0,0
1,97,"Illinois Tollway",40.00,2020-07-21,2020-07-26,5,8984,8986,0,0
1,97,"Illinois Tollway",40.00,2020-07-21,2020-07-21,0,8984,9001,0,1
1,97,"Illinois Tollway",40.00,2020-07-19,2020-07-21,2,8983,8984,0,0
1,97,"Illinois Tollway",40.00,2020-07-19,2020-07-24,5,8983,8985,0,0
1,97,"Illinois Tollway",40.00,2020-07-19,2020-07-21,2,8983,9001,0,1
1,97,"Illinois Tollway",40.00,2020-07-18,2020-07-19,1,8982,8983,0,0
1,97,"Illinois Tollway",40.00,2020-07-18,2020-07-21,3,8982,8984,0,0
1,97,"Illinois Tollway",40.00,2020-07-18,2020-07-21,3,8982,9001,0,1
1,97,"Illinois Tollway",40.00,2020-07-10,2020-07-07,-3,8896,9002,0,1
1,97,"Illinois Tollway",40.00,2020-07-07,2020-07-10,3,8858,8896,0,0
1,97,"Illinois Tollway",40.00,2020-07-07,2020-07-07,0,8858,9002,0,1
1,97,"Illinois Tollway",40.00,2020-07-05,2020-07-07,2,8855,8858,0,0
1,97,"Illinois Tollway",40.00,2020-07-05,2020-07-10,5,8855,8896,0,0
1,97,"Illinois Tollway",40.00,2020-07-05,2020-07-07,2,8855,9002,0,1
1,97,"Illinois Tollway",40.00,2020-07-04,2020-07-05,1,8854,8855,0,0
1,97,"Illinois Tollway",40.00,2020-07-04,2020-07-07,3,8854,8858,0,0
1,97,"Illinois Tollway",40.00,2020-07-04,2020-07-07,3,8854,9002,0,1
1,97,"Illinois Tollway",40.00,2020-07-01,2020-07-04,3,8845,8854,0,0
1,97,"Illinois Tollway",40.00,2020-07-01,2020-07-05,4,8845,8855,0,0
1,97,"Illinois Tollway",40.00,2020-06-29,2020-07-01,2,8837,8845,0,0
1,97,"Illinois Tollway",40.00,2020-06-29,2020-07-04,5,8837,8854,0,0
1,97,"Illinois Tollway",40.00,2020-06-24,2020-06-29,5,8820,8837,1,0
1,97,"Illinois Tollway",40.00,2020-05-17,2020-05-19,2,8384,8419,1,0
1,8,"Home Depot",153.25,2020-02-03,2020-02-05,2,7487,7505,1,0
1,8,"Home Depot",21.91,2019-06-11,2019-06-11,0,5419,5421,1,0
1,8,"Home Depot",32.90,2018-10-11,2018-10-12,1,3390,3399,0,1
1,138,"C&D Recycling LLC",38.50,2018-08-17,2018-08-17,0,2964,2965,0,0
1,24,JCLicht,43.74,2018-08-06,2018-08-08,2,2938,2939,0,0
1,120,"Chicago Parking",2.00,2018-02-08,2018-02-08,0,1801,1808,0,0
1,120,"Chicago Parking",2.00,2018-02-08,2018-02-08,0,1801,1833,0,0
1,120,"Chicago Parking",2.00,2018-02-08,2018-02-08,0,1808,1833,0,0
1,120,"Chicago Parking",2.00,2018-02-08,2018-02-08,0,1801,1835,0,0
1,120,"Chicago Parking",2.00,2018-02-08,2018-02-08,0,1808,1835,0,0
1,120,"Chicago Parking",2.00,2018-02-08,2018-02-08,0,1833,1835,0,0
1,147,"Castro Hand Car Wash",25.00,2018-02-01,2018-02-02,1,2406,4479,0,1
1,8,"Home Depot",18.68,2017-12-05,2017-12-10,5,1301,1311,0,0
1,97,"Illinois Tollway",40.00,2017-10-22,2017-10-24,2,1232,1429,0,0
1,54,Amazon,23.97,2017-09-15,2017-09-17,2,709,710,0,0
1,8,"Home Depot",12.23,2017-08-28,2017-08-29,1,634,996,0,0
1,54,Amazon,-45.00,2017-07-24,2017-07-26,2,3207,3208,0,0
1,8,"Home Depot",80.42,2017-07-17,2017-07-17,0,364,1401,0,0
1,46,Citicards,500.00,2017-06-19,2017-06-21,2,1385,1389,0,0
1,10,Menards,36.00,2017-06-01,2017-06-01,0,125,1378,0,0
1,23,IDLEWOOD,45.07,2017-05-31,2017-05-31,0,119,120,0,0
